{
    "local": {
        "ngSettings": {
            "authServiceBaseUri": "http://localhost:48726/",
            "appServiceBaseUri": "http://localhost:27969/",
            "proxyAddress": "api/Relay/",
            "proxyEnabled": "1",
            "baseAddress": "http://localhost:44912/index.html#",
            "clientId": "AusmaqClientPortal",
            "disableSubmitHour": "21"
        }
    },
    "tstb": {
        "ngSettings": {
            "authServiceBaseUri": "http://192.168.10.54:9092/ClientPortal.Security.Api/",
            "appServiceBaseUri": "http://192.168.10.54:9092/ClientPortal.ResourceServer/",
            "proxyAddress": "api/Relay/",
            "proxyEnabled": "1",
            "baseAddress": "http://192.168.10.58:9091/index.html#",
            "clientId": "AusmaqClientPortal",
            "disableSubmitHour": "16"
        }
    },
     "tstc": {
        "ngSettings": {
            "authServiceBaseUri": "http://192.168.10.64:9092/ClientPortal.Security.Api/",
            "appServiceBaseUri": "http://192.168.10.64:9092/ClientPortal.ResourceServer/",
            "proxyAddress": "api/Relay/",
            "proxyEnabled": "1",
            "baseAddress": "http://192.168.10.68:9091/index.html#",
            "clientId": "AusmaqClientPortal",
            "disableSubmitHour": "16"
        }
    },
    "stag": {
        "ngSettings": {
            "authServiceBaseUri": "http://172.20.30.2:9092/ClientPortal.Security.Api/",
            "appServiceBaseUri": "http://172.20.30.2:9092/ClientPortal.ResourceServer/",
            "proxyAddress": "api/Relay/",
            "proxyEnabled": "1",
            "baseAddress": "https://online.ausmaq.com.au/ClientPortal/index.html#",
            "clientId": "AusmaqClientPortal",
            "disableSubmitHour": "16"
        }
    },
    "stagbuild": {
        "ngSettings": {
            "authServiceBaseUri": "http://192.168.11.55:9092/ClientPortal.Security.Api/",
            "appServiceBaseUri": "http://192.168.11.55:9092/ClientPortal.ResourceServer/",
            "proxyAddress": "api/Relay/",
            "proxyEnabled": "1",
            "baseAddress": "http://192.168.11.55:9091/index.html#",
            "clientId": "AusmaqClientPortal",
            "disableSubmitHour": "21"
        }
    },
    "prod": {
        "ngSettings": {
            "authServiceBaseUri": "http://172.20.10.230:9092/ClientPortal.Security.Api/",
            "appServiceBaseUri": "http://172.20.10.230:9092/ClientPortal.ResourceServer/",
            "proxyAddress": "api/Relay/",
            "proxyEnabled": "1",
            "baseAddress": "https://online.ausmaq.com.au/ClientPortal/index.html#",
            "clientId": "AusmaqClientPortal",
            "disableSubmitHour": "16"
        }
    }
}
